,loss,val_loss,my_iou_metric_2,val_my_iou_metric_2
0,0.782324388474226,0.7779711240530014,0.6199375000000001,0.5777500000000001
1,0.8317864985764026,0.9822341573238372,0.5765312499999998,0.4855
